Workbook

Sheet 01_設定
A1: 項目 | B1: 値
A2: 太陽光容量(kW) | B2: 13.475
A3: 蓄電池容量(kWh) | B3: 7.04
A4: パワコン容量(kW) | B4: 9.9
A5: FIT終了年 | B5: 2035
A6: FIT単価(円/kWh) | B6: 15
A7: 卒FIT単価(円/kWh) | B7: 8
A8: 買電単価(円/kWh) | B8: 31
A9: EV車種 | B9: Tesla Model Y
A10: 電費(km/kWh) | B10: 6.5
A11: 年間走行距離(km) | B11: 12000
A12: 昼間充電率 | B12: 0.8

Sheet 02_月次データ
A1: 年月 | B1: 発電 | C1: 総消費 | D1: 売電 | E1: 買電 | F1: 蓄電池放電 | G1: EV充電 | H1: 床暖房 | I1: 売電収入 | J1: 買電費用 | K1: 収支 | L1: メモ
I2: =$D2*'01_設定'!$B$6 -> 0 | J2: =$E2*'01_設定'!$B$8 -> 0 | K2: =$I2-$J2 -> 0
I3: =$D3*'01_設定'!$B$6 -> 0 | J3: =$E3*'01_設定'!$B$8 -> 0 | K3: =$I3-$J3 -> 0
I4: =$D4*'01_設定'!$B$6 -> 0 | J4: =$E4*'01_設定'!$B$8 -> 0 | K4: =$I4-$J4 -> 0
I5: =$D5*'01_設定'!$B$6 -> 0 | J5: =$E5*'01_設定'!$B$8 -> 0 | K5: =$I5-$J5 -> 0
I6: =$D6*'01_設定'!$B$6 -> 0 | J6: =$E6*'01_設定'!$B$8 -> 0 | K6: =$I6-$J6 -> 0
I7: =$D7*'01_設定'!$B$6 -> 0 | J7: =$E7*'01_設定'!$B$8 -> 0 | K7: =$I7-$J7 -> 0
I8: =$D8*'01_設定'!$B$6 -> 0 | J8: =$E8*'01_設定'!$B$8 -> 0 | K8: =$I8-$J8 -> 0
I9: =$D9*'01_設定'!$B$6 -> 0 | J9: =$E9*'01_設定'!$B$8 -> 0 | K9: =$I9-$J9 -> 0
I10: =$D10*'01_設定'!$B$6 -> 0 | J10: =$E10*'01_設定'!$B$8 -> 0 | K10: =$I10-$J10 -> 0
I11: =$D11*'01_設定'!$B$6 -> 0 | J11: =$E11*'01_設定'!$B$8 -> 0 | K11: =$I11-$J11 -> 0
I12: =$D12*'01_設定'!$B$6 -> 0 | J12: =$E12*'01_設定'!$B$8 -> 0 | K12: =$I12-$J12 -> 0
I13: =$D13*'01_設定'!$B$6 -> 0 | J13: =$E13*'01_設定'!$B$8 -> 0 | K13: =$I13-$J13 -> 0
... I61: =$D61*'01_設定'!$B$6 -> 0 | J61: =$E61*'01_設定'!$B$8 -> 0 | K61: =$I61-$J61 -> 0

Sheet 03_分析
A1: 年月 | B1: 自給率 | C1: 自家消費率 | D1: 売電率 | E1: 買電率 | F1: 収支
A2: ='02_月次データ'!$A2 | B2: =IF('02_月次データ'!$C2=0, "", ('02_月次データ'!$C2 - '02_月次データ'!$E2)/'02_月次データ'!$C2) | C2: =IF('02_月次データ'!$B2=0, "", ('02_月次データ'!$B2 - '02_月次データ'!$D2)/'02_月次データ'!$B2) | D2: =IF('02_月次データ'!$B2=0, "", '02_月次データ'!$D2/'02_月次データ'!$B2) | E2: =IF('02_月次データ'!$C2=0, "", '02_月次データ'!$E2/'02_月次データ'!$C2) | F2: ='02_月次データ'!$K2 -> 0
A3: ='02_月次データ'!$A3 | B3: =IF('02_月次データ'!$C3=0, "", ('02_月次データ'!$C3 - '02_月次データ'!$E3)/'02_月次データ'!$C3) | C3: =IF('02_月次データ'!$B3=0, "", ('02_月次データ'!$B3 - '02_月次データ'!$D3)/'02_月次データ'!$B3) | D3: =IF('02_月次データ'!$B3=0, "", '02_月次データ'!$D3/'02_月次データ'!$B3) | E3: =IF('02_月次データ'!$C3=0, "", '02_月次データ'!$E3/'02_月次データ'!$C3) | F3: ='02_月次データ'!$K3 -> 0
A4: ='02_月次データ'!$A4 | B4: =IF('02_月次データ'!$C4=0, "", ('02_月次データ'!$C4 - '02_月次データ'!$E4)/'02_月次データ'!$C4) | C4: =IF('02_月次データ'!$B4=0, "", ('02_月次データ'!$B4 - '02_月次データ'!$D4)/'02_月次データ'!$B4) | D4: =IF('02_月次データ'!$B4=0, "", '02_月次データ'!$D4/'02_月次データ'!$B4) | E4: =IF('02_月次データ'!$C4=0, "", '02_月次データ'!$E4/'02_月次データ'!$C4) | F4: ='02_月次データ'!$K4 -> 0
A5: ='02_月次データ'!$A5 | B5: =IF('02_月次データ'!$C5=0, "", ('02_月次データ'!$C5 - '02_月次データ'!$E5)/'02_月次データ'!$C5) | C5: =IF('02_月次データ'!$B5=0, "", ('02_月次データ'!$B5 - '02_月次データ'!$D5)/'02_月次データ'!$B5) | D5: =IF('02_月次データ'!$B5=0, "", '02_月次データ'!$D5/'02_月次データ'!$B5) | E5: =IF('02_月次データ'!$C5=0, "", '02_月次データ'!$E5/'02_月次データ'!$C5) | F5: ='02_月次データ'!$K5 -> 0
A6: ='02_月次データ'!$A6 | B6: =IF('02_月次データ'!$C6=0, "", ('02_月次データ'!$C6 - '02_月次データ'!$E6)/'02_月次データ'!$C6) | C6: =IF('02_月次データ'!$B6=0, "", ('02_月次データ'!$B6 - '02_月次データ'!$D6)/'02_月次データ'!$B6) | D6: =IF('02_月次データ'!$B6=0, "", '02_月次データ'!$D6/'02_月次データ'!$B6) | E6: =IF('02_月次データ'!$C6=0, "", '02_月次データ'!$E6/'02_月次データ'!$C6) | F6: ='02_月次データ'!$K6 -> 0
A7: ='02_月次データ'!$A7 | B7: =IF('02_月次データ'!$C7=0, "", ('02_月次データ'!$C7 - '02_月次データ'!$E7)/'02_月次データ'!$C7) | C7: =IF('02_月次データ'!$B7=0, "", ('02_月次データ'!$B7 - '02_月次データ'!$D7)/'02_月次データ'!$B7) | D7: =IF('02_月次データ'!$B7=0, "", '02_月次データ'!$D7/'02_月次データ'!$B7) | E7: =IF('02_月次データ'!$C7=0, "", '02_月次データ'!$E7/'02_月次データ'!$C7) | F7: ='02_月次データ'!$K7 -> 0
A8: ='02_月次データ'!$A8 | B8: =IF('02_月次データ'!$C8=0, "", ('02_月次データ'!$C8 - '02_月次データ'!$E8)/'02_月次データ'!$C8) | C8: =IF('02_月次データ'!$B8=0, "", ('02_月次データ'!$B8 - '02_月次データ'!$D8)/'02_月次データ'!$B8) | D8: =IF('02_月次データ'!$B8=0, "", '02_月次データ'!$D8/'02_月次データ'!$B8) | E8: =IF('02_月次データ'!$C8=0, "", '02_月次データ'!$E8/'02_月次データ'!$C8) | F8: ='02_月次データ'!$K8 -> 0
A9: ='02_月次データ'!$A9 | B9: =IF('02_月次データ'!$C9=0, "", ('02_月次データ'!$C9 - '02_月次データ'!$E9)/'02_月次データ'!$C9) | C9: =IF('02_月次データ'!$B9=0, "", ('02_月次データ'!$B9 - '02_月次データ'!$D9)/'02_月次データ'!$B9) | D9: =IF('02_月次データ'!$B9=0, "", '02_月次データ'!$D9/'02_月次データ'!$B9) | E9: =IF('02_月次データ'!$C9=0, "", '02_月次データ'!$E9/'02_月次データ'!$C9) | F9: ='02_月次データ'!$K9 -> 0
A10: ='02_月次データ'!$A10 | B10: =IF('02_月次データ'!$C10=0, "", ('02_月次データ'!$C10 - '02_月次データ'!$E10)/'02_月次データ'!$C10) | C10: =IF('02_月次データ'!$B10=0, "", ('02_月次データ'!$B10 - '02_月次データ'!$D10)/'02_月次データ'!$B10) | D10: =IF('02_月次データ'!$B10=0, "", '02_月次データ'!$D10/'02_月次データ'!$B10) | E10: =IF('02_月次データ'!$C10=0, "", '02_月次データ'!$E10/'02_月次データ'!$C10) | F10: ='02_月次データ'!$K10 -> 0
A11: ='02_月次データ'!$A11 | B11: =IF('02_月次データ'!$C11=0, "", ('02_月次データ'!$C11 - '02_月次データ'!$E11)/'02_月次データ'!$C11) | C11: =IF('02_月次データ'!$B11=0, "", ('02_月次データ'!$B11 - '02_月次データ'!$D11)/'02_月次データ'!$B11) | D11: =IF('02_月次データ'!$B11=0, "", '02_月次データ'!$D11/'02_月次データ'!$B11) | E11: =IF('02_月次データ'!$C11=0, "", '02_月次データ'!$E11/'02_月次データ'!$C11) | F11: ='02_月次データ'!$K11 -> 0
A12: ='02_月次データ'!$A12 | B12: =IF('02_月次データ'!$C12=0, "", ('02_月次データ'!$C12 - '02_月次データ'!$E12)/'02_月次データ'!$C12) | C12: =IF('02_月次データ'!$B12=0, "", ('02_月次データ'!$B12 - '02_月次データ'!$D12)/'02_月次データ'!$B12) | D12: =IF('02_月次データ'!$B12=0, "", '02_月次データ'!$D12/'02_月次データ'!$B12) | E12: =IF('02_月次データ'!$C12=0, "", '02_月次データ'!$E12/'02_月次データ'!$C12) | F12: ='02_月次データ'!$K12 -> 0
A13: ='02_月次データ'!$A13 | B13: =IF('02_月次データ'!$C13=0, "", ('02_月次データ'!$C13 - '02_月次データ'!$E13)/'02_月次データ'!$C13) | C13: =IF('02_月次データ'!$B13=0, "", ('02_月次データ'!$B13 - '02_月次データ'!$D13)/'02_月次データ'!$B13) | D13: =IF('02_月次データ'!$B13=0, "", '02_月次データ'!$D13/'02_月次データ'!$B13) | E13: =IF('02_月次データ'!$C13=0, "", '02_月次データ'!$E13/'02_月次データ'!$C13) | F13: ='02_月次データ'!$K13 -> 0
... A61: ='02_月次データ'!$A61 | B61: =IF('02_月次データ'!$C61=0, "", ('02_月次データ'!$C61 - '02_月次データ'!$E61)/'02_月次データ'!$C61) | C61: =IF('02_月次データ'!$B61=0, "", ('02_月次データ'!$B61 - '02_月次データ'!$D61)/'02_月次データ'!$B61) | D61: =IF('02_月次データ'!$B61=0, "", '02_月次データ'!$D61/'02_月次データ'!$B61) | E61: =IF('02_月次データ'!$C61=0, "", '02_月次データ'!$E61/'02_月次データ'!$C61) | F61: ='02_月次データ'!$K61 -> 0

Sheet KPI
A2: ダッシュボードに表示する数字
B3: ☀ 発電
B5: ⚡ 消費
B7: 🔋 蓄電池
B9: 🚗 EV
B11: 💰 収支
B13: 🏡 自給率

Sheet シート5
B2: https://drive.google.com/drive/folders/1mM8icp9gmTGX2ZlRRGkwx8SzV3f1o2Sn
